City_ID,City,Lat,Lng,Max Temp,Humidity,Cloudiness,Wind Speed,Country,Date
0,inarajan village,13.2736,144.7484,28.55,95,51,4.98,GU,1697666356
1,invercargill,-46.4,168.35,12.79,78,98,8.94,NZ,1697666357
2,lihue,21.9789,-159.3672,28.19,64,40,4.12,US,1697666226
3,silifke,36.3778,33.9344,21.43,71,31,3.05,TR,1697666359
4,okha,53.5739,142.9478,6.62,91,100,9.6,RU,1697666360
5,west island,-12.1568,96.8225,24.99,88,75,5.14,CC,1697666361
6,port-aux-francais,-49.35,70.2167,2.83,93,100,8.85,TF,1697666362
7,puerto ayora,-0.7393,-90.3518,29.98,95,94,3.13,EC,1697666363
8,adamstown,-25.066,-130.1015,22.74,78,65,3.3,PN,1697666364
9,tiksi,71.6872,128.8694,-7.81,97,100,2.34,RU,1697666365
10,bethel,41.3712,-73.414,15.57,77,93,1.1,US,1697666201
11,yellowknife,62.456,-114.3525,6.9,99,100,5.14,CA,1697666367
12,lebu,-37.6167,-73.65,13.16,73,6,5.07,CL,1697666368
13,chabahar,25.2919,60.643,27.01,78,47,2.33,IR,1697666369
14,atafu village,-8.5421,-172.5159,28.59,72,34,3.61,TK,1697666369
15,punta arenas,-53.15,-70.9167,14.06,51,0,7.2,CL,1697666107
16,aldama,22.9167,-98.0667,30.28,40,42,5.13,MX,1697666371
17,edinburgh of the seven seas,-37.0676,-12.3116,12.93,93,100,11.89,SH,1697666372
18,dukhan,25.4297,50.7858,28.9,56,1,1.94,QA,1697666373
19,badger,64.8,-147.5333,-1.07,80,100,3.09,US,1697666374
20,inirida,3.8653,-67.9239,27.42,80,73,1.38,CO,1697666374
21,arroyito,-31.4202,-63.05,15.45,29,99,2.61,AR,1697666375
22,port alfred,-33.5906,26.891,18.43,95,87,0.45,ZA,1697666376
23,cozumel,20.5083,-86.9458,28.86,69,96,4.02,MX,1697666377
24,berdigestyakh,62.0989,126.6992,-4.84,89,100,3.58,RU,1697666377
25,buka,40.8108,69.1986,16.92,49,100,0.86,UZ,1697666378
26,ridder,50.355,83.5133,7.09,55,0,2.44,KZ,1697666380
27,livramento do brumado,-13.6431,-41.8406,26.22,35,45,1.55,BR,1697666381
28,vorgashor,67.5833,63.95,0.21,83,50,6.21,RU,1697666382
29,n'dalatando,-9.2978,14.9116,21.85,86,100,1.18,AO,1697666383
30,rio preto da eva,-2.6994,-59.6997,28.86,62,64,1.53,BR,1697666383
31,sampit,-2.5333,112.95,23.67,97,99,1.02,ID,1697666384
32,novodvinsk,64.4165,40.8122,3.77,78,100,5.07,RU,1697666385
33,olonkinbyen,70.9221,-8.7187,3.58,88,100,10.41,SJ,1697666386
34,kodiak,57.79,-152.4072,7.75,53,0,6.97,US,1697666387
35,east london,-33.0153,27.9116,19.14,83,96,6.11,ZA,1697666388
36,colonia,50.9333,6.95,11.9,91,20,5.66,DE,1697666388
37,constantia,44.1833,28.65,7.61,71,2,4.24,RO,1697666389
38,kone,-21.0595,164.8658,23.19,56,1,3.14,NC,1697666390
39,yangshuo,24.7808,110.4897,22.8,90,100,1.07,CN,1697666391
40,waitangi,-43.9535,-176.5597,13.23,79,100,4.92,NZ,1697666392
41,kourou,5.1552,-52.6478,25.03,84,72,5.1,GF,1697666393
42,smithers,54.7804,-127.1743,16.18,59,75,5.66,CA,1697666111
43,iqaluit,63.7506,-68.5145,-1.15,92,100,4.12,CA,1697666395
44,geraldton,-28.7667,114.6,13.23,94,96,2.57,AU,1697666110
45,salinopolis,-0.6136,-47.3561,27.04,81,17,6.21,BR,1697666396
46,college,64.8569,-147.8028,-1.03,79,100,3.09,US,1697666172
47,anadyr,64.75,177.4833,-9.72,85,0,6.0,RU,1697666398
48,zhongshu,24.5167,103.7667,13.47,96,30,0.72,CN,1697666398
49,bafata,12.1667,-14.75,25.25,91,100,1.92,GW,1697666399
50,lakki,32.6079,70.9114,22.91,53,2,0.77,PK,1697666399
51,bealanana,-14.55,48.7333,17.9,86,61,0.53,MG,1697666400
52,albany,42.6001,-73.9662,13.53,78,100,0.94,US,1697666344
53,childress,34.4264,-100.204,25.51,23,3,9.14,US,1697666404
54,realico,-35.0366,-64.2447,11.83,61,100,2.94,AR,1697666414
55,vila franca do campo,37.7167,-25.4333,23.82,99,61,9.09,PT,1697666418
56,ji'an,27.1172,114.9793,23.01,72,99,1.49,CN,1697666420
57,kapuskasing,49.4169,-82.4331,12.05,58,75,5.14,CA,1697666421
58,ixtlahuacan del rio,20.8667,-103.25,22.96,35,100,1.34,MX,1697666421
59,dunedin,-45.8742,170.5036,16.71,69,81,3.13,NZ,1697666422
60,grytviken,-54.2811,-36.5092,2.96,87,100,4.43,GS,1697666358
61,hermanus,-34.4187,19.2345,16.17,90,31,6.47,ZA,1697666423
62,margaret river,-33.95,115.0667,10.26,89,54,4.77,AU,1697666424
63,las khorey,11.1595,48.1967,27.92,83,2,7.51,SO,1697666426
64,enewetak,11.3474,162.3373,28.51,78,17,8.31,MH,1697666426
65,puerto natales,-51.7236,-72.4875,13.05,72,63,2.13,CL,1697666427
66,ilulissat,69.2167,-51.1,-9.99,67,75,1.54,GL,1697666427
67,sicuani,-14.2694,-71.2261,14.76,42,57,5.32,PE,1697666427
68,port elizabeth,-33.918,25.5701,17.4,93,20,3.09,ZA,1697666428
69,komsomol'skiy,43.9783,46.6985,13.41,59,100,6.64,RU,1697666428
70,kerikeri,-35.2268,173.9474,15.65,93,100,6.03,NZ,1697666429
71,tchintabaraden,15.8969,5.7985,31.33,14,10,3.44,NE,1697666429
72,ulladulla,-35.35,150.4667,14.87,45,0,1.11,AU,1697666430
73,minas de marcona,-15.2119,-75.1103,23.12,55,51,3.12,PE,1697666430
74,flin flon,54.7682,-101.865,8.91,66,75,2.57,CA,1697666402
75,wuwei,37.9281,102.6414,3.68,61,3,1.41,CN,1697666431
76,bayanhongor,46.7167,100.1167,-1.93,64,7,1.06,MN,1697666432
77,novhorod-sivers'kyy,52.0058,33.2615,5.98,78,100,5.14,UA,1697666436
78,xai-xai,-25.0519,33.6442,19.72,98,7,1.61,MZ,1697666438
79,luchegorsk,46.4764,134.2569,3.81,86,39,2.27,RU,1697666440
80,glace bay,46.1969,-59.957,9.53,85,75,2.06,CA,1697666442
81,blackmans bay,-43.0167,147.3167,12.51,87,96,0.89,AU,1697666442
82,kolonia,50.9333,6.95,11.9,91,20,5.66,DE,1697666388
83,port mathurin,-19.6833,63.4167,23.55,82,22,5.1,MU,1697666444
84,srandakan,-7.9386,110.2506,22.55,95,85,0.66,ID,1697666444
85,hawaiian paradise park,19.5933,-154.9731,28.91,74,24,1.34,US,1697666445
86,taltal,-25.4,-70.4833,16.24,76,45,4.18,CL,1697666445
87,stanley,54.868,-1.6985,11.55,87,40,7.72,GB,1697666446
88,ebon,4.582,168.6964,27.57,78,100,10.29,MH,1697666446
89,sinabang,2.4803,96.3801,25.03,88,100,0.79,ID,1697666447
90,whitehorse,60.7161,-135.0538,7.83,89,75,5.66,CA,1697666447
91,hun,29.1268,15.9477,24.96,20,0,3.26,LY,1697666448
92,san patricio,28.017,-97.5169,29.4,34,1,5.31,US,1697666448
93,itoman,26.1247,127.6694,23.43,68,20,1.03,JP,1697666449
94,karungdong,5.8844,121.263,25.46,88,98,0.33,PH,1697666449
95,wanganui,-39.9333,175.05,17.0,87,40,2.24,NZ,1697666450
96,ushuaia,-54.8,-68.3,14.81,46,0,6.71,AR,1697666450
97,takoradi,4.8845,-1.7554,24.32,95,70,1.25,GH,1697666451
98,remire-montjoly,4.9167,-52.2667,25.02,94,0,1.03,GF,1697666452
99,nanzhang chengguanzhen,31.7839,111.8275,15.32,90,100,3.35,CN,1697666452
100,bhamo,24.2667,97.2333,21.13,83,1,0.41,MM,1697666453
101,wailua homesteads,22.0669,-159.378,27.85,73,38,3.13,US,1697666453
102,mana,5.6592,-53.7767,27.06,84,77,4.6,GF,1697666453
103,udachny,66.4167,112.4,-9.75,85,83,1.93,RU,1697666454
104,saipan,15.1355,145.701,28.26,81,23,6.82,MP,1697666454
105,greenville,35.6127,-77.3663,20.09,61,75,0.0,US,1697665898
106,san bernardo del viento,9.3533,-75.9524,29.28,76,20,3.59,CO,1697666455
107,fort st. john,56.2499,-120.8529,15.94,48,40,10.29,CA,1697666436
108,tshabong,-26.05,22.45,20.92,27,0,3.33,BW,1697666456
109,iskateley,67.6803,53.1512,1.12,89,100,4.02,RU,1697666458
110,reggane,26.7158,0.1714,29.71,17,13,2.71,DZ,1697666356
111,balqash,46.8481,74.995,9.72,59,6,2.34,KZ,1697666459
112,namibe,-15.1961,12.1522,18.92,83,4,4.0,AO,1697666459
113,quellon,-43.1167,-73.6167,14.31,69,61,0.3,CL,1697666460
114,revda,56.801,59.9303,1.67,92,100,5.77,RU,1697666461
115,longyearbyen,78.2186,15.6401,2.91,70,40,4.12,SJ,1697666462
116,walvis bay,-22.9575,14.5053,14.53,88,18,2.57,NA,1697666462
117,vila velha,-20.3297,-40.2925,24.97,73,100,5.66,BR,1697666463
118,midelt,32.6852,-4.7451,17.36,50,25,4.65,MA,1697666464
119,alice springs,-23.7,133.8833,13.75,24,0,0.0,AU,1697666464
120,north bend,43.4065,-124.2243,25.13,77,0,3.6,US,1697666465
121,quatre cocos,-20.2078,57.7625,24.06,86,52,2.6,MU,1697666466
122,turpan,42.9333,89.1667,12.45,29,1,0.93,CN,1697666466
123,nova sintra,14.8667,-24.7167,24.93,70,0,3.77,CV,1697666467
124,gao,16.6362,1.637,32.08,17,67,2.77,ML,1697666468
125,medina,24.4686,39.6142,31.24,15,20,3.6,SA,1697666468
126,qaqortoq,60.7167,-46.0333,-1.79,60,11,1.41,GL,1697666469
127,hithadhoo,-0.6,73.0833,26.37,82,72,3.39,MV,1697666469
128,hamilton,39.1834,-84.5333,18.21,58,100,1.34,US,1697666445
129,tot'ma,59.9747,42.7642,2.34,81,100,3.62,RU,1697666470
130,pacific grove,36.6177,-121.9166,32.42,59,3,0.89,US,1697666470
131,arraial do cabo,-22.9661,-42.0278,23.92,83,75,5.66,BR,1697666471
132,kingston,17.997,-76.7936,31.53,80,75,8.23,JM,1697665895
133,chernyshevskiy,63.0128,112.4714,-8.81,91,94,0.88,RU,1697666472
134,ancud,-41.8697,-73.8203,10.22,84,28,4.09,CL,1697666472
135,bogande,12.9714,-0.1436,32.48,26,92,2.6,BF,1697666473
136,ribeira grande,38.5167,-28.7,20.43,88,83,0.45,PT,1697666473
137,bilibino,68.0546,166.4372,-17.8,100,99,0.78,RU,1697666474
138,talnakh,69.4865,88.3972,3.45,97,100,5.45,RU,1697666474
139,keflavik,64.0049,-22.5624,10.24,76,100,17.49,IS,1697666475
140,butiama,-1.7667,33.9667,17.95,82,40,1.04,TZ,1697666475
141,dwarka,22.2394,68.9678,26.96,78,1,5.47,IN,1697666476
142,pico truncado,-46.7949,-67.9573,24.36,10,65,9.65,AR,1697666477
143,xining,36.6167,101.7667,1.6,82,45,0.98,CN,1697666477
144,kruisfontein,-34.0033,24.7314,15.04,93,59,0.59,ZA,1697666478
145,bam,29.106,58.357,23.48,40,2,2.51,IR,1697666478
146,al ghayzah,16.2079,52.176,26.61,79,13,3.16,YE,1697666479
147,hadibu,12.65,54.0333,27.49,77,13,2.73,YE,1697666479
148,taksimo,56.3444,114.8794,-1.27,69,71,2.24,RU,1697666480
149,kota kinabalu,5.9749,116.0724,24.99,88,20,2.24,MY,1697666480
150,touros,-5.1989,-35.4608,25.43,74,0,6.12,BR,1697666481
151,aral,40.5156,81.2636,12.52,22,92,3.68,CN,1697666481
152,mikuni,36.2171,136.1519,16.81,72,28,4.19,JP,1697666482
153,qalat,32.1058,66.9083,13.9,35,2,2.4,AF,1697666482
154,knokke-heist,51.3333,3.3333,17.33,76,100,9.73,BE,1697666483
155,taro,-8.3862,115.28,22.0,95,87,0.34,ID,1697666483
156,singaraja,-8.112,115.0882,25.23,78,92,1.21,ID,1697666484
157,bredasdorp,-34.5322,20.0403,15.87,93,63,4.98,ZA,1697666414
158,kyren,51.6828,102.1408,2.75,82,38,0.89,RU,1697666485
159,warren,39.4334,-84.1666,17.3,61,0,5.14,US,1697666485
160,mournies,35.4764,24.0092,21.57,94,40,0.0,GR,1697666486
161,pocao de pedras,-4.6667,-44.85,30.35,46,91,3.79,BR,1697666486
162,ilabaya,-17.4208,-70.5133,22.4,55,37,3.03,PE,1697666487
163,la'ie,21.6477,-157.9253,30.98,63,7,3.13,US,1697666487
164,amos,48.5669,-78.1162,8.66,73,100,3.91,CA,1697666488
165,puebla,18.8333,-98.0,22.93,32,56,3.79,MX,1697666037
166,churapcha,62.0025,132.4325,-5.54,95,100,2.9,RU,1697666489
167,susuman,62.7833,148.1667,-17.23,81,100,0.89,RU,1697666490
168,tolanaro,-25.0319,46.9987,24.04,88,75,0.0,MG,1697666493
169,pugachev,52.0133,48.8025,5.48,51,89,5.39,RU,1697666494
170,codrington,-38.2667,141.9667,17.19,44,25,4.9,AU,1697666494
171,vadso,70.0744,29.7487,0.49,86,20,4.12,NO,1697666495
172,ati,13.2154,18.3353,31.09,16,66,5.29,TD,1697666496
173,kuta,-8.7233,115.1723,25.97,88,40,3.13,ID,1697666496
174,ola,59.5833,151.2833,-1.99,42,5,2.82,RU,1697666497
175,dryden,49.7833,-92.7503,11.16,93,100,1.54,CA,1697666462
176,bodo,67.28,14.405,0.02,87,0,5.66,NO,1697666498
177,ghormach,35.7306,63.7826,15.31,46,0,3.12,AF,1697666498
178,broken hill,-31.95,141.4333,21.2,27,0,2.43,AU,1697666219
179,harper,4.375,-7.7169,25.39,89,31,2.26,LR,1697666499
180,utrik,11.2278,169.8474,28.37,75,29,7.6,MH,1697666500
181,primero de mayo,-32.2552,-58.4228,19.34,38,68,5.75,AR,1697666500
182,swakopmund,-22.6833,14.5333,14.47,90,21,2.11,NA,1697666501
183,rouissat,31.9243,5.3502,27.04,21,0,3.6,DZ,1697666501
184,singleton,-32.5667,151.1833,18.48,51,44,2.2,AU,1697666501
185,jamestown,42.097,-79.2353,12.06,63,100,3.6,US,1697666457
186,klyuchi,52.2667,79.1667,7.29,48,0,3.58,RU,1697666502
187,ust-nera,64.5667,143.2,-16.55,91,100,1.79,RU,1697666503
188,sinan,34.8262,126.1086,14.06,78,96,4.66,KR,1697666503
189,kitakata,37.65,139.8667,13.36,83,80,0.66,JP,1697666504
190,palikir - national government center,6.9248,158.1611,27.63,69,61,1.27,FM,1697666357
191,krasnyy chikoy,50.3643,108.7512,0.69,84,100,4.02,RU,1697666505
192,kirensk,57.7853,108.1119,0.57,95,100,0.89,RU,1697666505
193,berezovyy,51.6667,135.7,2.31,93,98,1.01,RU,1697666506
194,aykhal,66.0,111.5,-14.41,97,80,1.34,RU,1697666506
195,lerwick,60.1545,-1.1494,11.0,87,71,11.9,GB,1697666507
196,uttar char fasson,22.2332,90.7132,24.95,78,5,3.68,BD,1697666507
197,grants,35.1473,-107.8514,26.13,11,0,6.69,US,1697666508
198,alofi,-19.0595,-169.9187,24.94,61,75,7.72,NU,1697666508
199,pervomayskoye,43.919,46.7102,13.45,59,100,6.46,RU,1697666509
200,mugia,43.1041,-9.2179,19.53,85,10,10.68,ES,1697666510
201,chinchani,19.8667,72.7,26.57,67,0,2.88,IN,1697666511
202,port macquarie,-31.4333,152.9167,19.94,63,100,0.54,AU,1697666511
203,tabas,33.5959,56.9244,21.12,28,0,2.06,IR,1697666512
204,nhlangano,-27.1167,31.2,13.78,88,0,1.17,SZ,1697666513
205,kandri,21.4167,79.2667,24.76,72,2,1.84,IN,1697666513
206,goba,7.0167,39.9833,9.58,86,67,2.21,ET,1697666514
207,gizo,-8.103,156.8419,27.95,77,97,3.43,SB,1697666514
208,ghadamis,30.1337,9.5007,27.4,18,30,4.54,LY,1697666515
209,salinas,36.6777,-121.6555,37.78,43,0,5.14,US,1697666457
210,goure,13.9835,10.2704,31.03,13,99,4.24,NE,1697666515
211,tazovsky,67.4667,78.7,4.37,93,100,5.81,RU,1697666516
212,philippeville,50.1957,4.5417,15.87,100,75,4.12,BE,1697666517
213,ryotsu-minato,38.0833,138.4333,18.77,72,96,6.3,JP,1697666517
214,mejit,10.2753,170.8646,28.3,77,33,7.35,MH,1697666517
215,christchurch,-43.5333,172.6333,16.29,71,40,1.03,NZ,1697666232
216,baruun-urt,46.6806,113.2792,-1.63,62,2,6.59,MN,1697666519
217,luderitz,-26.6481,15.1594,16.24,81,24,1.86,NA,1697666519
218,chonchi,-42.6128,-73.8092,15.56,74,40,0.72,CL,1697666520
219,ciudad lazaro cardenas,17.9583,-102.2,23.76,95,100,2.71,MX,1697666521
220,sao joao da barra,-21.6403,-41.0511,24.05,86,91,7.17,BR,1697666521
221,priladozhskiy,59.85,31.4833,3.2,2,98,3.58,RU,1697666522
222,lamu,-2.2717,40.902,27.12,88,99,4.3,KE,1697666522
223,mahanoro,-19.9,48.8,22.94,92,100,1.4,MG,1697666523
224,portland,45.5234,-122.6762,23.76,58,20,1.54,US,1697666000
225,rio verde,21.9333,-99.9833,26.48,27,95,4.07,MX,1697666524
226,lahaina,20.8783,-156.6825,28.9,65,3,2.76,US,1697666498
227,neustadt-glewe,53.3785,11.5926,8.28,68,100,5.7,DE,1697666525
228,tutoia,-2.7619,-42.2744,26.5,83,100,5.33,BR,1697666525
229,anaconda,46.1285,-112.9423,19.64,30,98,5.01,US,1697666526
230,st. john's,47.5649,-52.7093,8.42,82,75,3.09,CA,1697666419
231,medicine hat,50.0501,-110.6683,18.8,48,100,7.72,CA,1697666340
232,port lincoln,-34.7333,135.8667,20.77,22,33,4.0,AU,1697666452
233,acarau,-2.8856,-40.12,26.03,79,4,6.14,BR,1697666467
234,papatowai,-46.5619,169.4708,13.38,59,100,4.65,NZ,1697666528
235,kill devil hills,36.0307,-75.676,18.32,62,0,2.57,US,1697666491
236,riberalta,-10.9833,-66.1,36.11,46,40,0.0,BO,1697666529
237,kachug,53.9606,105.8817,-0.53,95,75,0.89,RU,1697666530
238,nemuro,43.3236,145.575,14.95,83,100,9.65,JP,1697666531
239,ondjiva,-17.0667,15.7333,23.87,13,1,3.97,AO,1697666531
240,isafjordur,66.0755,-23.124,6.2,80,100,3.51,IS,1697666532
241,taoudenni,22.6783,-3.9836,33.59,12,68,3.51,ML,1697666532
242,vilyuchinsk,52.9306,158.4028,7.18,75,93,4.37,RU,1697666533
243,tsiombe,-25.3,45.4833,21.41,93,100,1.97,MG,1697666533
244,cannonvale,-20.2833,148.7,23.66,68,100,7.74,AU,1697666534
245,ataq,14.5377,46.8319,20.11,81,10,3.63,YE,1697666534
246,souillac,-20.5167,57.5167,24.21,94,75,0.0,MU,1697666462
247,rodionovo-nesvetayskaya,47.6103,39.7121,9.2,57,0,1.16,RU,1697666535
248,tarakan,3.3,117.6333,26.22,84,87,1.9,ID,1697666536
249,arboletes,8.8505,-76.4269,28.66,80,55,2.95,CO,1697666536
250,georgetown,5.4112,100.3354,26.68,95,20,0.51,MY,1697666388
251,sa kaeo,13.75,102.3333,23.49,92,100,0.64,TH,1697666443
252,hauterive,46.0901,3.4459,16.11,95,41,2.44,FR,1697666537
253,ixtapa,20.7,-105.2,29.57,72,100,0.45,MX,1697666538
254,ghat,24.9647,10.1728,29.02,20,86,2.1,LY,1697666538
255,katsuura,35.1333,140.3,20.65,68,35,5.98,JP,1697666539
256,pisco,-13.7,-76.2167,22.03,78,0,7.72,PE,1697666540
257,labrador city,52.9463,-66.9114,7.95,49,0,5.66,CA,1697666411
258,riviere-du-loup,47.8304,-69.5342,12.15,66,13,3.09,CA,1697666541
259,tura,25.5198,90.2201,19.59,89,0,1.34,IN,1697666541
260,cabo san lucas,22.8909,-109.9124,33.12,66,60,2.76,MX,1697666074
261,itarantim,-15.6597,-40.0656,23.52,61,80,3.06,BR,1697666542
262,edd,13.9297,41.6925,30.46,56,7,6.11,ER,1697666543
263,wattegama,6.7989,81.4808,22.63,95,100,1.54,LK,1697666543
264,shahr-e babak,30.1165,55.1186,14.77,30,0,2.35,IR,1697666544
265,kununurra,-15.7667,128.7333,16.99,77,0,0.0,AU,1697666544
266,fada,9.5667,8.3,21.85,91,99,0.43,NG,1697666545
267,aasiaat,68.7098,-52.8699,-15.7,91,68,2.47,GL,1697666545
268,newman,37.3138,-121.0208,32.81,19,0,0.84,US,1697666546
269,jiuquan,39.7432,98.5174,4.7,36,0,2.45,CN,1697666547
270,olyokminsk,60.3736,120.4264,-2.23,77,100,4.47,RU,1697666547
271,aswan,24.0934,32.907,24.61,29,0,3.09,EG,1697666548
272,fortuna,40.5982,-124.1573,16.51,100,75,4.12,US,1697666549
273,sandnessjoen,66.0217,12.6316,-2.71,66,0,5.06,NO,1697666549
274,akureyri,65.6835,-18.0878,6.96,65,20,2.06,IS,1697666550
275,um jar al gharbiyya,13.8013,32.4078,32.9,21,75,2.62,SD,1697666550
276,thompson,55.7435,-97.8558,9.09,49,40,1.54,CA,1697666499
277,brazzaville,-4.2658,15.2832,22.47,85,92,0.22,CG,1697666551
278,inyonga,-6.7167,32.0667,22.7,61,62,1.14,TZ,1697666552
279,pangkalan brandan,4.0238,98.2782,23.74,95,100,1.31,ID,1697666552
280,mhamid,29.82,-5.72,27.2,23,41,3.43,MA,1697666553
281,shimoda,34.6667,138.95,19.5,76,80,4.87,JP,1697666553
282,bac lieu,9.285,105.7244,25.66,87,51,2.62,VN,1697666554
283,al muwayh,22.4333,41.7583,23.71,36,2,3.55,SA,1697666554
284,lautoka,-17.6167,177.4667,27.92,57,20,2.57,FJ,1697666555
285,alpine,32.835,-116.7664,34.97,39,0,3.09,US,1697666555
286,lunglei,22.8833,92.7333,14.94,79,0,1.42,IN,1697666556
287,namanga,-2.5433,36.7905,20.77,80,66,4.25,KE,1697666556
288,fale old settlement,-9.3852,-171.2468,28.41,72,91,3.06,TK,1697666557
289,saldanha,-33.0117,17.9442,19.03,81,20,5.35,ZA,1697666527
290,hilo,19.7297,-155.09,29.03,77,18,0.89,US,1697666413
291,al jawf,29.5,38.75,20.12,37,0,3.11,SA,1697666558
292,bandarbeyla,9.4942,50.8122,26.9,80,19,2.19,SO,1697666559
293,merizo village,13.2658,144.6691,28.54,88,49,4.8,GU,1697666560
294,dalandzadgad,43.5708,104.425,3.28,25,6,0.44,MN,1697666561
295,nairn,57.5809,-3.8797,11.76,75,40,5.14,GB,1697666561
296,i-n-salah,27.1935,2.4607,28.29,14,6,3.7,DZ,1697666562
297,hastings,50.8552,0.5729,16.07,52,100,15.11,GB,1697666563
298,santiago de cao,-7.9589,-79.2392,20.07,83,20,5.14,PE,1697666563
299,prado,-17.3411,-39.2208,24.53,77,10,5.47,BR,1697666564
300,ust'-barguzin,53.45,108.9833,1.72,74,76,1.34,RU,1697666564
301,rongelap,11.1635,166.8941,26.99,80,100,6.7,MH,1697666564
302,ortakoy,38.7373,34.0387,10.14,84,90,1.94,TR,1697666565
303,dzilam gonzalez,21.2833,-88.9333,27.39,59,54,5.42,MX,1697666565
304,avarua,-21.2078,-159.775,24.03,57,20,4.63,CK,1697666566
305,skelleftea,64.7507,20.9528,0.2,90,100,4.63,SE,1697666566
306,la ermita,20.4139,-101.9936,25.0,25,100,1.26,MX,1697666567
307,harstad,68.799,16.5293,-0.11,97,46,3.58,NO,1697666567
308,srednebelaya,50.6594,128.0106,2.21,85,88,5.73,RU,1697666568
309,baiersbronn,48.5,8.3833,11.0,68,100,2.15,DE,1697666568
310,praia da vitoria,38.7333,-27.0667,23.14,88,75,8.47,PT,1697666569
311,usakos,-22.0,15.6,19.86,44,0,1.24,NA,1697666569
312,tannum sands,-23.9504,151.3693,21.94,56,59,4.63,AU,1697666570
313,miyaly,48.8844,53.7836,5.05,40,91,1.07,KZ,1697666570
314,grand falls-windsor,48.9332,-55.6649,6.39,78,66,2.51,CA,1697666571
315,new norfolk,-42.7826,147.0587,13.17,50,98,1.05,AU,1697666571
316,mardan,34.2019,72.0525,17.32,55,17,1.26,PK,1697666444
317,palmer,42.1584,-72.3287,14.72,73,75,1.54,US,1697666572
318,carutapera,-1.195,-46.02,25.34,90,47,3.6,BR,1697666573
319,zhaotong,27.3167,103.7167,13.32,90,94,1.83,CN,1697666573
320,uvinza,-5.1036,30.3911,22.02,69,85,1.61,TZ,1697666574
321,taroa,8.7058,171.2275,27.34,77,94,4.46,MH,1697666574
322,boyolangu,-8.1181,111.8935,23.26,94,91,1.49,ID,1697666575
323,dudinka,69.4058,86.1778,3.68,98,100,2.68,RU,1697666575
324,kimbe,-5.5502,150.1429,27.76,78,41,0.87,PG,1697666576
325,filey,54.21,-0.2892,12.24,88,100,5.81,GB,1697666576
326,foulayronnes,44.2403,0.6452,16.9,94,75,3.6,FR,1697666577
327,cusseta,32.3054,-84.7727,23.03,47,0,1.99,US,1697666577
328,afaahiti,-17.75,-149.2833,24.93,83,95,8.06,PF,1697666578
329,rio gallegos,-51.6226,-69.2181,18.03,34,0,5.14,AR,1697666578
330,mangrol,21.1167,70.1167,26.95,57,1,3.25,IN,1697666579
331,san antonio de pale,-1.4014,5.6325,25.95,82,100,2.76,GQ,1697666580
332,savanna-la-mar,18.219,-78.1332,27.97,85,100,1.35,JM,1697666580
333,agat village,13.3886,144.6585,28.75,87,47,1.34,GU,1697666581
334,crane,31.3974,-102.3501,32.42,17,3,1.51,US,1697666581
335,slave lake,55.2834,-114.769,17.99,42,75,10.8,CA,1697666582
336,port douglas,-16.4833,145.4667,23.91,74,94,6.49,AU,1697666535
337,saudarkrokur,65.7461,-19.6394,3.92,82,93,3.46,IS,1697666584
338,la tuque,47.4334,-72.7824,14.14,54,9,3.09,CA,1697666413
339,ankang,32.68,109.0172,12.8,95,100,1.27,CN,1697666450
340,moranbah,-22.0016,148.0466,21.41,59,100,8.07,AU,1697666585
341,hobyo,5.3505,48.5268,27.39,78,100,3.99,SO,1697666587
342,le moule,16.3332,-61.3473,29.02,100,63,7.34,GP,1697666405
343,antofagasta,-23.65,-70.4,17.6,70,33,4.23,CL,1697665925
344,saint-joseph,-21.3667,55.6167,24.21,85,94,2.24,RE,1697666589
345,tan-tan,28.438,-11.1032,21.27,88,15,3.13,MA,1697666589
346,sisimiut,66.9395,-53.6735,-4.65,82,100,6.56,GL,1697666590
347,weno,7.4515,151.8468,28.2,74,8,3.09,FM,1697666591
348,carmen de apicala,4.1473,-74.7201,31.42,60,48,1.75,CO,1697666592
349,las praderas,-3.3348,-79.7984,29.82,72,93,2.32,EC,1697666592
350,mutare,-18.9707,32.6709,16.0,94,92,1.5,ZW,1697666593
351,lastoursville,-0.8143,12.7287,22.53,99,100,0.76,GA,1697666594
352,la passe,45.5549,-0.8967,16.66,89,74,4.91,FR,1697666594
353,kapa'a,22.0752,-159.319,28.6,59,30,3.13,US,1697666594
354,lompoc,34.6391,-120.4579,27.74,67,20,2.57,US,1697666595
355,skovorodino,53.9833,123.9167,-0.54,59,99,4.26,RU,1697666595
356,llanes,43.4198,-4.7549,19.53,76,97,3.92,ES,1697666596
357,uturoa,-16.7333,-151.4333,26.34,77,36,5.59,PF,1697666596
358,vredendal,-31.6683,18.5012,24.08,38,0,1.91,ZA,1697666597
359,bissau,11.8636,-15.5977,27.06,94,20,1.03,GW,1697666597
360,fortaleza,-3.7227,-38.5247,27.07,74,20,2.57,BR,1697666425
361,boulsa,12.6675,-0.5758,33.25,31,100,2.26,BF,1697666599
362,marsh harbour,26.5412,-77.0636,25.66,59,9,7.25,BS,1697666599
363,bardai,11.65,7.2333,25.43,29,72,2.63,NG,1697666600
364,porto novo,6.4965,2.6036,27.9,83,95,2.94,BJ,1697666413
365,fort bragg,35.139,-79.006,20.45,59,18,2.01,US,1697666601
366,belyy yar,53.6039,91.3903,0.94,100,75,2.0,RU,1697666601
367,la ronge,55.1001,-105.2842,10.14,71,75,3.09,CA,1697666601
368,carnarvon,-24.8667,113.6333,22.01,60,87,8.74,AU,1697666602
369,padang,-0.9492,100.3543,25.03,85,100,1.14,ID,1697666602
370,manaure,11.7751,-72.4445,32.23,56,2,6.9,CO,1697666603
371,mil'kovo,55.6078,37.7956,5.23,95,100,3.96,RU,1697666603
372,ujae,8.9322,165.7642,28.1,73,74,2.61,MH,1697666604
373,khandyga,62.6667,135.6,-4.76,97,100,1.96,RU,1697666604
374,khanty-mansiysk,61.0042,69.0019,4.06,65,0,4.02,RU,1697666605
375,chibougamau,49.9168,-74.3659,10.79,58,100,5.66,CA,1697666533
376,agadez,19.75,10.25,27.02,17,0,3.36,NE,1697666605
377,zeya,53.75,127.2667,1.94,70,100,5.47,RU,1697666606
378,monclova,26.9,-101.4167,30.71,29,40,1.34,MX,1697666606
379,nuku'alofa,-21.1333,-175.2,22.22,67,59,7.13,TO,1697666607
380,prince albert,53.2001,-105.7677,12.97,67,75,5.14,CA,1697666607
381,polyarnyy,69.1989,33.4478,1.71,62,100,10.41,RU,1697666607
382,sinjai,-5.1241,120.253,25.91,79,100,1.07,ID,1697666608
383,rakops,-21.0167,24.3333,21.71,34,0,3.73,BW,1697666608
384,talcahuano,-36.7167,-73.1167,14.82,72,20,4.63,CL,1697666609
385,omdurman,15.6445,32.4777,34.46,21,92,7.26,SD,1697666609
386,tazacorte,28.629,-17.9293,23.54,78,20,3.13,ES,1697666610
387,qui nhon,13.7667,109.2333,25.0,86,97,1.08,VN,1697666610
388,coquimbo,-29.9533,-71.3436,17.85,51,0,5.14,CL,1697666415
389,pak phanang,8.3511,100.202,26.16,84,100,1.2,TH,1697666611
390,raja,8.4596,25.678,22.92,85,84,1.23,SS,1697666611
391,antsiranana,-12.2787,49.2917,24.1,88,27,4.91,MG,1697666612
392,waterloo,43.4668,-80.5164,13.27,74,100,5.66,CA,1697666522
393,auki,-8.7676,160.7034,28.2,71,52,1.55,SB,1697666613
394,magadan,59.5667,150.8,-2.32,75,11,4.92,RU,1697666604
395,qamdo,31.1667,97.2333,-4.91,82,28,2.72,CN,1697666614
396,takaungu,-3.6837,39.8566,25.53,90,83,3.37,KE,1697666614
397,biograd na moru,43.9433,15.4519,17.64,79,100,5.91,HR,1697666615
398,kaa-khem,51.6833,94.7333,4.11,70,6,1.94,RU,1697666615
399,millersville,39.9979,-76.3541,15.55,63,0,2.57,US,1697666616
400,basavakalyan,17.8667,76.95,21.44,69,1,3.17,IN,1697666616
401,mungwi,-10.1732,31.3694,21.0,69,78,1.27,ZM,1697666616
402,sarkand,45.41,79.9186,12.8,35,92,1.56,KZ,1697666617
403,sinop,41.7711,34.8709,9.98,98,100,1.74,TR,1697666617
404,copiapo,-27.3667,-70.3333,17.83,26,0,2.19,CL,1697666368
405,sambava,-14.2667,50.1667,22.57,94,18,2.47,MG,1697666618
406,ankazoabo,-22.2833,44.5167,20.85,78,84,1.22,MG,1697666619
407,la sarre,48.8002,-79.1996,8.63,72,100,4.37,CA,1697666619
408,pontian kechil,1.4866,103.3896,27.38,93,100,1.58,MY,1697666620
409,ko lanta,7.5336,99.0865,27.62,78,92,4.7,TH,1697666545
410,arilje,43.7531,20.0956,3.2,71,87,1.63,RS,1697666621
411,amarillo,35.222,-101.8313,22.98,35,0,9.26,US,1697666613
412,axim,4.8699,-2.2405,25.36,90,79,2.73,GH,1697666622
413,flying fish cove,-10.4217,105.6791,25.82,83,75,5.14,CX,1697666622
414,arkadelphia,34.1209,-93.0538,24.55,44,0,4.63,US,1697666623
415,punta del este,-34.9667,-54.95,14.06,81,40,5.66,UY,1697666623
416,el hadjira,32.6134,5.5126,26.04,17,82,2.15,DZ,1697666624
417,yaren,-0.5472,166.916,27.35,78,100,6.41,NR,1697666624
418,marco island,25.9363,-81.7157,27.0,38,0,3.09,US,1697666625
419,amahai,-3.3333,128.9167,25.28,84,37,0.81,ID,1697666625
420,tromso,69.6496,18.957,-2.99,93,20,2.06,NO,1697666626
421,mar del plata,-38.0023,-57.5575,14.01,66,0,4.63,AR,1697666413
422,santa cruz,-17.8,-63.1667,34.03,38,20,5.66,BO,1697666382
423,tual,-5.6667,132.75,26.56,78,11,4.81,ID,1697666511
424,itanagar,27.1,93.6167,17.64,77,0,1.83,IN,1697666628
425,wlodawa,51.55,23.55,4.55,67,20,2.34,PL,1697666335
426,saurimo,-9.6608,20.3916,19.36,86,84,0.65,AO,1697666628
427,road town,18.4167,-64.6167,30.02,70,40,3.09,VG,1697666629
428,bonthe,7.5264,-12.505,26.29,83,78,1.81,SL,1697666630
429,les cayes,18.2,-73.75,29.35,70,31,3.11,HT,1697666630
430,conception bay south,47.4999,-52.9981,8.29,84,6,4.06,CA,1697666412
431,karratha,-20.7377,116.8463,26.11,41,0,4.89,AU,1697666631
432,al kharijah,25.4514,30.5464,22.06,40,27,3.6,EG,1697666631
433,benghazi,32.1167,20.0667,24.57,46,15,3.69,LY,1697666571
434,sidareja,-7.4846,108.7923,24.33,87,94,0.31,ID,1697666632
435,long beach,33.767,-118.1892,37.39,73,0,3.6,US,1697666422
436,boa vista,2.8197,-60.6733,31.99,51,20,3.09,BR,1697666633
437,bohain-en-vermandois,49.9873,3.453,15.68,86,88,7.6,FR,1697666633
438,sarangani,5.4033,125.4636,27.52,78,86,3.4,PH,1697666634
439,labasa,-16.4167,179.3833,28.25,62,72,4.03,FJ,1697666634
440,rio rico,31.4715,-110.9765,34.01,20,0,3.6,US,1697666635
441,selfoss,63.9331,-20.9971,8.91,80,100,11.15,IS,1697666635
442,cacheu,12.2706,-16.1658,28.05,84,99,2.45,GW,1697666636
443,deshnoke,27.8,73.35,24.66,51,35,0.49,IN,1697666636
444,el granada,37.5027,-122.4694,33.65,55,0,0.89,US,1697666637
445,sarny,51.338,26.6019,4.18,70,22,3.15,UA,1697666637
446,funafuti,-8.5243,179.1942,31.0,84,75,4.12,TV,1697666637
447,ugoofaaru,5.6667,73.0,26.84,79,89,3.71,MV,1697666638
448,naama,33.2667,-0.3167,20.99,29,21,4.45,DZ,1697666638
449,pader palwo,2.8006,33.135,19.38,93,100,1.23,UG,1697666639
450,hailey,43.5196,-114.3153,21.66,41,0,5.14,US,1697666406
451,saint croix,17.7397,-64.7388,27.2,76,7,2.24,VI,1697666640
452,badiyah,22.45,58.8,25.39,74,94,1.14,OM,1697666640
453,midoun,33.8081,10.9923,28.92,59,12,7.99,TN,1697666641
454,an muileann gcearr,53.5333,-7.35,12.6,98,100,5.93,IE,1697666641
455,mcgregor,26.5609,-81.9145,27.22,43,0,5.14,US,1697666642
456,bengkulu,-3.8004,102.2655,22.48,85,99,1.5,ID,1697666413
457,pyu,18.4833,96.4333,22.71,96,57,0.43,MM,1697666643
458,nishinoomote,30.7333,131.0,21.42,61,0,1.51,JP,1697666643
459,nar'yan-mar,67.6713,53.087,1.17,89,100,4.02,RU,1697666644
460,bowen,-20.0167,148.2333,23.14,63,92,8.18,AU,1697666644
461,rengasdengklok,-6.1592,107.2981,25.07,74,98,2.45,ID,1697666594
462,pokaran,26.9167,71.9167,25.59,52,17,1.61,IN,1697666645
463,huazhou,21.6333,110.5833,22.75,97,100,4.31,CN,1697666645
464,polatli,39.5772,32.1413,9.22,89,10,1.34,TR,1697666646
465,bikenibeu village,1.3673,173.1241,25.98,89,100,4.63,KI,1697666646
466,betare oya,5.6,14.0833,20.62,93,93,0.77,CM,1697666647
467,tralee,52.2704,-9.7026,11.61,96,60,1.39,IE,1697666647
468,hemet,33.7475,-116.972,37.71,13,0,4.47,US,1697666647
469,virton,49.5682,5.5326,15.02,96,100,7.25,BE,1697666648
470,cidreira,-30.1811,-50.2056,16.87,76,100,3.92,BR,1697666648
471,maintirano,-18.0667,44.0167,25.34,78,63,2.93,MG,1697666649
472,zouerate,22.7187,-12.4521,31.83,19,3,2.94,MR,1697666649
473,tupiza,-21.45,-65.7167,22.13,32,48,8.8,BO,1697666650
474,indiantown,27.0273,-80.4856,26.64,66,28,4.35,US,1697666650
475,ust'-ilimsk,58.0006,102.6619,1.36,92,53,3.58,RU,1697666424
476,vuktyl,63.8567,57.3094,3.39,87,100,8.05,RU,1697666652
477,saint-leu,-21.15,55.2833,24.48,99,95,1.19,RE,1697666652
478,patigi,8.7333,5.75,26.93,77,58,2.35,NG,1697666652
479,youghal,51.95,-7.8506,11.97,100,100,2.96,IE,1697666653
480,sakakah,29.9697,40.2064,19.76,32,0,2.33,SA,1697666653
481,guerrero negro,27.9769,-114.0611,22.41,70,47,5.82,MX,1697666442
482,pagar alam,-4.0167,103.2667,19.2,69,93,0.97,ID,1697666654
483,zalingei,12.9096,23.4741,24.31,20,98,2.92,SD,1697666655
484,fiambala,-27.6871,-67.6149,27.48,15,0,3.13,AR,1697666655
485,goondiwindi,-28.55,150.3167,17.99,51,0,4.09,AU,1697666656
486,as sulaymaniyah,35.5611,45.4375,11.24,58,0,2.06,IQ,1697666656
487,baiyin,36.5583,104.2081,5.06,70,98,2.53,CN,1697666657
488,dobre miasto,53.9867,20.3975,7.95,71,87,1.41,PL,1697666657
489,lospalos,-8.5186,127.0025,22.14,76,50,1.32,TL,1697666658
490,petropavlovsk-kamchatsky,53.0452,158.6483,6.36,88,20,3.0,RU,1697666658
491,shangzhi,45.2167,127.9667,4.22,66,37,4.81,CN,1697666658
492,mendi,-6.1761,143.6513,14.96,94,92,0.54,PG,1697666659
493,aromashevo,56.8602,68.6375,5.0,69,74,4.28,RU,1697666659
494,griffith,41.5284,-87.4237,19.58,57,0,4.63,US,1697666660
495,saint-pierre,-21.3393,55.4781,24.82,83,75,0.51,RE,1697666660
496,san vicente de canete,-13.0751,-76.3835,20.14,86,97,2.99,PE,1697666661
497,st. catharines,43.1668,-79.2496,14.94,56,75,4.12,CA,1697666378
498,sanger,36.708,-119.556,34.45,35,0,0.0,US,1697666486
499,duzce,40.8389,31.1639,13.23,93,95,0.4,TR,1697666463
500,bandirma,40.3522,27.9767,14.01,94,75,0.0,TR,1697666663
501,viedma,-40.8135,-62.9967,22.94,19,76,5.49,AR,1697666433
502,almenno san salvatore,45.7502,9.5963,12.54,94,75,0.51,IT,1697666663
503,jatai,-17.8814,-51.7144,30.39,31,29,3.11,BR,1697666664
504,vorkuta,67.5,64.0,0.39,82,52,6.21,RU,1697666664
505,richards bay,-28.783,32.0377,19.11,94,6,1.43,ZA,1697666665
506,larvik,59.0533,10.0352,4.95,78,20,2.57,NO,1697666665
507,banes,20.9625,-75.7186,28.05,77,69,3.36,CU,1697666666
508,princeville,45.7668,-61.2985,10.51,86,100,2.06,CA,1697666666
509,privolzhsk,57.3808,41.2886,3.27,82,89,2.2,RU,1697666667
510,kannus,63.9,23.9,1.9,88,25,3.26,FI,1697666667
511,trevelin,-43.0858,-71.4639,23.71,49,0,3.08,AR,1697666667
512,kananga,-5.8958,22.4178,20.86,91,100,0.91,CD,1697666668
513,yanam,16.7333,82.2167,23.67,90,16,1.27,IN,1697666668
514,mili,6.0815,171.735,28.15,73,55,4.81,MH,1697666669
515,micheweni,-4.9667,39.8333,25.58,85,84,3.51,TZ,1697666670
516,gaspe,48.8334,-64.4819,12.12,71,20,2.06,CA,1697666670
517,masterton,-40.9597,175.6575,17.16,45,18,0.95,NZ,1697666671
518,puerto baquerizo moreno,-0.9,-89.6,26.55,74,40,5.14,EC,1697666671
519,haiku-pauwela,20.9219,-156.3051,30.01,55,20,9.77,US,1697666671
520,quepos,9.4236,-84.1652,27.43,82,95,0.9,CR,1697666672
521,shiguai,40.7058,110.2856,4.63,34,45,3.42,CN,1697666672
522,mukalla,14.5425,49.1242,26.23,80,3,2.71,YE,1697666673
523,zuunmod,47.7069,106.9528,-4.43,67,4,2.74,MN,1697666673
524,weyburn,49.6668,-103.8511,12.12,71,99,1.54,CA,1697666472
525,prince george,53.9166,-122.753,17.92,54,0,8.23,CA,1697666434
526,nova russas,-4.7067,-40.5631,33.53,29,76,1.58,BR,1697666497
527,millville,39.4021,-75.0393,17.25,65,0,1.54,US,1697666675
528,brisas de zicatela,15.8369,-97.0419,28.33,68,94,2.6,MX,1697666676
529,kiunga,-6.1219,141.2906,25.34,84,32,1.79,PG,1697666676
530,bytca,49.224,18.5588,5.58,96,0,1.54,SK,1697666642
531,suwayr,30.1171,40.3893,19.52,33,0,1.36,SA,1697666677
532,porangatu,-13.4408,-49.1486,31.81,17,86,1.72,BR,1697666677
533,igarka,67.4667,86.5833,3.77,98,100,6.96,RU,1697666678
534,haldwani,29.2167,79.5167,18.01,63,0,2.1,IN,1697666678
535,prince rupert,54.3161,-130.3201,13.05,85,100,13.89,CA,1697666660
536,vilyuysk,63.7553,121.6247,-7.69,87,98,4.02,RU,1697666679
537,moyynkum,44.2914,72.9469,13.14,40,100,2.11,KZ,1697666680
538,kailua-kona,19.6406,-155.9956,29.17,73,40,4.63,US,1697666681
539,acapetahua,15.2833,-92.7,29.35,70,80,1.44,MX,1697666681
540,sitka,57.0531,-135.33,12.94,88,100,4.12,US,1697666681
541,undurkhaan,47.3194,110.6556,-1.15,58,7,4.78,MN,1697666682
542,salekhard,66.53,66.6019,0.36,87,10,5.82,RU,1697666683
543,kavaratti,10.5669,72.642,28.19,71,38,1.75,IN,1697666683
544,marathon,44.9,-89.7668,14.58,69,75,3.09,US,1697666447
545,sao gabriel da cachoeira,-0.1303,-67.0892,27.55,75,91,1.11,BR,1697666684
546,jakar,27.5492,90.7525,6.38,92,40,1.1,BT,1697666684
547,nabire,-3.3667,135.4833,25.46,84,65,1.16,ID,1697666685
548,sao joao dos inhamuns,-6.0,-40.2833,31.51,25,6,0.92,BR,1697666601
549,isabel segunda,18.1491,-65.4427,29.91,90,13,0.45,PR,1697666686
550,malabar,-33.9667,151.25,17.88,73,75,3.6,AU,1697666686
551,broome,42.2506,-75.833,13.9,77,100,1.54,US,1697666686
552,ghanzi,-21.5667,21.7833,21.08,27,1,4.26,BW,1697666687
553,lintong,34.378,109.2089,11.38,93,100,3.82,CN,1697666688
554,tipasa,36.5897,2.4475,23.47,65,19,2.04,DZ,1697666688
555,gadzhiyevo,69.2551,33.3362,1.61,61,100,10.77,RU,1697666688
556,usogorsk,63.4106,48.6872,3.15,87,100,4.05,RU,1697666689
557,kidal,18.4411,1.4078,31.29,14,7,3.25,ML,1697666689
558,siwa oasis,29.2041,25.5195,23.96,30,0,2.27,EG,1697666690
559,vanimo,-2.6741,141.3028,27.3,78,75,0.99,PG,1697666690
560,shingu,33.7333,135.9833,18.22,78,100,1.54,JP,1697666596
561,wenchang,30.904,118.4887,17.56,78,1,1.11,CN,1697666691
562,lazaro cardenas,17.9583,-102.2,23.76,95,100,2.71,MX,1697666692
563,niteroi,-22.8833,-43.1036,24.81,81,100,4.63,BR,1697666444
564,bejaia,36.7559,5.0843,20.6,73,0,2.06,DZ,1697666693
565,tandalti,13.0167,31.8667,31.97,26,85,1.81,SD,1697666693
566,petauke,-14.2426,31.3253,20.71,86,100,4.08,ZM,1697666693
567,n'zeto,-7.2312,12.8666,25.3,87,85,3.31,AO,1697666694
568,yarmouth,41.7057,-70.2286,14.98,86,100,2.06,US,1697666694
